{
  "Slitting machine": {
    "1": {
      "0": 0.06153846153846154,
      "1": 0.9384615384615385,
      "total_count": 260,
      "count_0": 16
    },
    "2": {
      "0": 0.15,
      "1": 0.85,
      "total_count": 20,
      "count_0": 3
    }
  },
  "Winder number": {
    "1": {
      "0": 0.2857142857142857,
      "1": 0.7142857142857143,
      "total_count": 14,
      "count_0": 4
    },
    "10": {
      "0": 0.0,
      "1": 1.0,
      "total_count": 14,
      "count_0": 0
    },
    "11": {
      "0": 0.0,
      "1": 1.0,
      "total_count": 14,
      "count_0": 0
    },
    "12": {
      "0": 0.0,
      "1": 1.0,
      "total_count": 14,
      "count_0": 0
    },
    "13": {
      "0": 0.0,
      "1": 1.0,
      "total_count": 14,
      "count_0": 0
    },
    "14": {
      "0": 0.0,
      "1": 1.0,
      "total_count": 14,
      "count_0": 0
    },
    "15": {
      "0": 0.0,
      "1": 1.0,
      "total_count": 14,
      "count_0": 0
    },
    "16": {
      "0": 0.0,
      "1": 1.0,
      "total_count": 14,
      "count_0": 0
    },
    "17": {
      "0": 0.0,
      "1": 1.0,
      "total_count": 14,
      "count_0": 0
    },
    "18": {
      "0": 0.0,
      "1": 1.0,
      "total_count": 14,
      "count_0": 0
    },
    "19": {
      "0": 0.2857142857142857,
      "1": 0.7142857142857143,
      "total_count": 14,
      "count_0": 4
    },
    "2": {
      "0": 0.14285714285714285,
      "1": 0.8571428571428571,
      "total_count": 14,
      "count_0": 2
    },
    "20": {
      "0": 0.5714285714285714,
      "1": 0.42857142857142855,
      "total_count": 14,
      "count_0": 8
    },
    "3": {
      "0": 0.0,
      "1": 1.0,
      "total_count": 14,
      "count_0": 0
    },
    "4": {
      "0": 0.07142857142857142,
      "1": 0.9285714285714286,
      "total_count": 14,
      "count_0": 1
    },
    "5": {
      "0": 0.0,
      "1": 1.0,
      "total_count": 14,
      "count_0": 0
    },
    "6": {
      "0": 0.0,
      "1": 1.0,
      "total_count": 14,
      "count_0": 0
    },
    "7": {
      "0": 0.0,
      "1": 1.0,
      "total_count": 14,
      "count_0": 0
    },
    "8": {
      "0": 0.0,
      "1": 1.0,
      "total_count": 14,
      "count_0": 0
    },
    "9": {
      "0": 0.0,
      "1": 1.0,
      "total_count": 14,
      "count_0": 0
    }
  },
  "Qaulity control": {
    "ling": {
      "0": 0.06785714285714285,
      "1": 0.9321428571428572,
      "total_count": 280,
      "count_0": 19
    }
  },
  "format": {
    "PE32": {
      "0": 0.06785714285714285,
      "1": 0.9321428571428572,
      "total_count": 280,
      "count_0": 19
    }
  },
  "Qaulity inspecrion": {
    "ronie": {
      "0": 0.06785714285714285,
      "1": 0.9321428571428572,
      "total_count": 280,
      "count_0": 19
    }
  }
}
