{
    "BottomTape": {
        "MT6000": {
            "0": 0.02997275204359673,
            "1": 0.9700272479564033,
            "total_count": 367,
            "count_0": 11
        }
    },
    "Specification": {
        "PE32": {
            "0": 0.02997275204359673,
            "1": 0.9700272479564033,
            "total_count": 367,
            "count_0": 11
        }
    },
    "Mold No.": {
        "238-2": {
            "0": 0.030303030303030304,
            "1": 0.9696969696969697,
            "total_count": 66,
            "count_0": 2
        },
        "238-3": {
            "0": 0.011904761904761904,
            "1": 0.9880952380952381,
            "total_count": 84,
            "count_0": 1
        },
        "238-4": {
            "0": 0.03296703296703297,
            "1": 0.967032967032967,
            "total_count": 91,
            "count_0": 3
        },
        "238-5": {
            "0": 0.03968253968253968,
            "1": 0.9603174603174603,
            "total_count": 126,
            "count_0": 5
        }
    },
    "P3.Machine_No.": {
        "P02": {
            "0": 0.029850746268656716,
            "1": 0.9701492537313433,
            "total_count": 67,
            "count_0": 2
        },
        "P03": {
            "0": 0.03571428571428571,
            "1": 0.9642857142857143,
            "total_count": 56,
            "count_0": 2
        },
        "P21": {
            "0": 0.011904761904761904,
            "1": 0.9880952380952381,
            "total_count": 84,
            "count_0": 1
        },
        "P23": {
            "0": 0.03571428571428571,
            "1": 0.9642857142857143,
            "total_count": 84,
            "count_0": 3
        },
        "P24": {
            "0": 0.039473684210526314,
            "1": 0.9605263157894737,
            "total_count": 76,
            "count_0": 3
        }
    }
}